"","site","year","state"
"1",1,1,3
"2",2,1,1.74585555555556
"3",3,1,1.93878888888889
"4",4,1,1.75201111111111
"5",5,1,1.3923
"6",1,2,1.8473
"7",2,2,1.74967777777778
"8",3,2,2.26562222222222
"9",4,2,1.75508888888889
"10",5,2,1.86578888888889
